group,page,number,title
[I] Miſsæ Festivales,1,3,M: Fiduciæ in Deum Auth: Werner
,,7,M: Post tenebras spero lucem | Tubis et Tymp: Aut: Werner
,,10,M: Laudate Dominum in sonu | tubæ Clarinis et Tymp: Aut: Werner
,,13,M: In te Domine speravi | Clarinis ad libitum Auth: Werner.
,,16,M: bonæ Spei. Auth: Werner.
,,21,"M: Si Deus pro nobis, quis | Contra nos. Tubis et Tympanis | Authore Werner."
[II] Miſsæ Feriales,,1,Miſsa Exultate Justi. | Auth: Werner.
,,5,M: in Cœleri Transitu | Auth: Werner.
,,11,M: Pax vobis. Auth: Werner.
,,16,M: Placebo Domino. Werner.
,,22,M: declina à malo. Aut: Werner.
,2,24,Miſsa Sti: Gregorij | alla Capella Auth: Werner.
,,25,M: Sti: Joannis Nepomuceni. | in Contrapuncto Auth: Werner.
,,28,Miſsa SS: innocentium | à 3 parti Auth: Werner.
[III] Offertoria,,3,Cantantibus Organis. Aut: Werner.
,,12,Veni Sponsa. Auth: Werner.
,,17,Ave Maris stella. Aut: Werner.
,,19,Veni Creator. Auth: Werner.
,,20,Caro mea. Auth: Werner.
,,22,Amavit eum Dominus. Auth: Werner.
,,25,In Ecclesia. Auth: Werner.
,,27,Ad te Domine. Auth: Werner.
,,30,Domum tuam. Auth: Werner.
,,31,Hæc est Dies. Auth: Werner.
,,38,Gloria et honore. Auth: Werner.
,,39,Quæ est ista. Auth: Werner.
,,40,Veni Sancte. Auth: Werner.
,,41,Concuſsum e[st] Mare. Werner.
,,42,Ô Altitudo divitiarum. Werner.
,,45,4 Offertoria SS: Sacra= | menti. Auth: Werner.
,,46,4 Offertoria pro festo | Corporis Xti: Aut: Werner.
,,47,Lauda Syon. Auth: Werner.
[IV] Vesperæ,,3,V: de Beata Virg: Auth: Werner.
,3,5,Vesperæ Dominicales | Tubis et Tymp: Auth: Werner.
,,10,Psalm: Memento et Confitebor | Authore Werner.
,,15,V: Apostolis. Auth: Werner.
,,21,Psalm: Beati omnes. Werner.
,,26,V: Breves de Conf: Werner.
,,29,V: Dominicales. Werner.
[V] Salve Regina,,2,Salve à 4 Tubis et Tympanis | Authore Werner.
,,3,Salve à 4 Authore Werner.
,,6,Salve à 3 voc: Aut: Werner.
,,8,Salve à 4. Auth: Werner.
,,9,Salve Canto Solo. Werner.
,,10,Salve à 4. de Eodem.
,,12,Salve à 2 Baſsi. Aut: Werner.
[Va] Breviores,,18,Salve alla Capella. auth: Werner
,,19,Salve à 4. Auth: Werner.
,,20,Salve alla Capella. Werner.
,,21,Salve à 4. Auth: Werner.
,,26,Salve à 4. Authore Werner.
[VI] Alma Redemptoris,4,2,Alma à 4. Auth: Werner.
,,4,Alma à 2 Auth: Werner.
,,14,Alma Baſso Solo. Werner.
,,20,Alma à 2 Canti. Werner.
,,21,Alma à 4 del Werner.
,,22,Alma à 3 Tenori | in Canone Auth: Werner.
[VII] Ave Regina,,1,Ave Regina à 4. Auth: Werner.
,,3,Ave à 4 Auth: Werner.
,,4,Ave alla Capella. Werner.
,,5,Ave à 3 Tenori in Canone | Authore Werner.
,,9,Ave à 2 in Cantu Chorali | Authore Werner.
,,11,Ave alla Capel: Werner.
[VIII] Regina Cœli lætare,,9,Regina à 4. Auth: Werner.
,,11,Regina Baſso Solo. Werner.
,,13,Regina à 4 Auth: Werner.
[IX] [no title],5,1,Antiphonæ pro om= | nibus festis Primæ | Claſsis totius Anni. | Authore Werner.
,,2,Hymni per totum | annum ad Vesperas. | Authore Werner.
,,3,Rorate Cœli. Auth: Werner
,,5,Rorate. Auth: Werner.
[X] Lytaniæ,,7,Lytan: à 4. Werner.
,,14,Lytan: Sti: Joannis Nepo= | muceni del Werner.
,,20,Lytan: à 4. Auth: Werner.
,,21,Lytan: à 4. Auth: Werner.
[XI] Sub tuum Præsidium,,1,Sub tuum à 3 Voc: Werner.
,,2,Sub tuum Alla Capelia. Werner.
,,3,Sub tuum à 4. del Werner.
,,5,Sub tuum à 4 Auth: Werner.
,,6,Sub tuum à 4 de Eodem.
,,7,Sub tuum Canto e Baſso Werner.
,,8,Sub tuum alla Cap: Werner.
,,9,Sub tuum à 4. Werner.
,,11,Sub tuum à 4 Auth: Werner.
,,15,Sub tuum in Canone à 4 voc | Authore Werner.
[XII] Advent Lieder,6,2,Baſso. Laßet nun fahren | Auth: Werner.
,,3,Alto. Ganz geheimnusvoll | Auth: Werner.
,,6,Baſso. Sey immerhin frölich. | Auth: Werner.
,,7,Canto e Alto Ô Maria | wir dich grüßen Werner.
,,17,Baſso ſchönſte Jungfrau | Auth Werner.
,,20,Alto Ach wer Stimmet meine | Wörter Auth: Werner.
,,22,Canto et Alto in Echo | Ach Sagt mir doch Ihr berg | und Thal. Auth: Werner.
,,23,Baſso et Violoncello Solo | Maria du biſt Unser Freud. | Auth: Werner.
,,25,Baſso heut wil Sich Maria | klagen Auth: Werner.
,,32,Alto Geberlete Wellen | Auth: Werner.
,,33,Canto Anheut hat Gott ein | bſonders Werckh | Tubis et Tympanis | et Oboe Conc: Auth: Werner.
[XIII] Weichnacht Lieder,7,6,Gloria in excelsis à 4 Voc: | Tubis et Tympanis atque | Flautino. Auth: Werner.
,,7,Alto. nun iſt die gnaden Zeit | [crossed out: Alto] Auth: Werner.
,,12,Alto Ihr Bethlemiter | Auth: Werner.
[XIV] Te Deum Laudamus,,1,Te Deum. Tubis et Tympanis | Authore Werner.
,,3,Te Deum. Tubis et Tympanis | Authore Werner.
[XV] Requiem,,1,Requiem à 4 Voc: Tromb: Conc: | Authore Werner.
[XVI] Miserere,,2,Miserere à 4 Voci e 2 | Tromb: Auth: Werner.
[XVII] Pastorellæ,,1,Pastorella à 3 Werner.
,,4,Pastorella à 3 Werner.
,,5,Symphonie en Pastoral | Authore Werner.
,,6,Symphonie en Pastoral | Authore Werner.
,,7,Symphonie en Pastoral | Authore Werner.
,,9,Pastorella à 4. Werner.
