group,page,number,title,parts,notes,shelfmark
[A] Meſsen,5,48,Meſse von Gregor Werner in F,10,,A 48
,,49,dto … dto in D,10,,A 49
,,50,dto … dto in C,10,,A 50
,,51,dto … dto in C,12,,A 51
,,52,dto … dto in F,8,,A 52
,,53,dto … dto in C,7,fehlt die Orgelſtimme. 1 2/4tl Bogen.,A 53
,,54,dto … dto in C,15,,A 54
,,55,dto … dto in A,7,fehlt die Orgelſtimme. 1 1/4tl Bogen.,A 55
,,56,dto … dto in A,7,fehlt die dto. 1 1/4tl dto.,A 56
,,57,dto … dto in C,11,,A 57
,,58,dto … dto in F,8,,A 58
,,59,dto … dto in D,8,,A 59
,,60,dto … dto in G,10,,A 60
,,61,dto … dto in D,8,,A 61
,,62,dto … dto in E,8,,A 62
,,63,dto … dto in Dmol,8,,A 63
,,64,dto … dto in D,8,,A 64
,,65,dto … dto in Dmol,7,fehlt die Orgelſtimme 1 Bogen.,A 65
,,66,dto … dto in G,8,,A 66
,,67,dto … dto in Dmol,8,,A 67
,,68,dto … dto in A,8,,A 68
,,69,dto … dto in G,8,,A 69
,,69a,zu No 69. ein Benedictus eingelegt,8,,A 69a
,7,70,Meſse von Gregor Werner in D,8,,A 70
,,71,dto … dto in Amol,7,,A 71
,,72,dto … dto in Dmol,7,,A 72
,,73,dto … dto in C,8,,A 73
,,74,dto … dto in C,11,,A 74
,,75,dto … dto in B,8,,A 75
,,76,dto … dto in F,8,,A 76
,,77,dto … dto in Amol,8,,A 77
,,78,dto … dto in F,8,,A 78
,,79,dto … dto in B [correct: G minor],8,,A 79
,,80,dto … dto in G,10,,A 80
,,81,dto … dto in G,8,,A 81
,,94,Meſse von Gregor Werner in D,7,,A 94
[B] Gradualen Offertorien Motetten und andre diverse Arien,17,42,Chorus von Gregor Werner in C,8,Sopran und Alt ½ Bogen zu dupliren.,B 42
,,43,Motetto von dto … in C,8,,B 43
,,44,2 Motetten von dto … in F u B,10,,"B 44:1, B 44:2"
,,45,1 Motteto von dto … in F,8,,B 45
,,46,1 dto dto dto … in C,8,,B 46
,,47,1 Offertorium von dto … in C,11,,B 47
,,48,dto von dto … in C,13,,B 48
,,49,Motetto von Werner in D,8,,B 49
,,50,dto dto … in B,8,,B 50
,,51,dto dto … in F,8,,B 51
,,52,dto dto … in C,11,,B 52
,,53,dto dto … in F,5,,B 53
,,54,dto dto … in C,8,,B 54
,19,55,Motetto von Gregor Werner in G,8,,B 55
,,56,dto von dto in C,8,,B 56 (E 52)
,,57,dto … dto in G,8,,B 57
,,58,dto … dto in G,8,,B 58
,,59,Pange Lingua von Gregor Werner in C,15,,B 59
,,60,Ecce quomodo moritur juſtus v dto in B,12,,56815
,,61,dto … dto … dto in Gmol,8,,B 61
[C] Te Deum Laudamus,55,3,dto [= Te Deum Laudamus] von Caldara in C,10,,C 3
,,4,dto von Gregor Werner in C,13,dto [= Sopran] und Alt 1. dto [= Bogen zu dupliren],C 4
,,5,dto dto in C,10,,C 5
,,6,dto dto in C,10,,C 6
,,7,dto dto in C,11,,C 7
,,8,dto dto in F,8,,C 8
[D] Requiem et Libera,57,11,dto [= Requiem] von Gregor Werner in Dmol,10,,D 11
,,12,dto dto in Cmol.,13,,D 12
,,12a,dabey noch: Intremendo in Cmol,8,,D 12
,,13,Libera me Domine von Werner in Dmol,8,,G 13:1 (D 13)
[E] Paſtoral und Advent Arien,59,5,Paſtoral von Gregor Werner in D. | Sacratiſsima Nativitatis Chriſti horam | designans. Text: Alle meine Ehre etc,10,,E 5
,,8,Paſtorella von Gregor Werner in F. | In Nativitatis D. Text: Zur | Freuden erwachet etc,7,,E 8
,,10,Cantus pro Adventu von einem unbe | kannten Compositeur für Sop. Solo in A. | Text: Wann der Himmel laßet fallen,5,,E 10
,61,23,"Der Nachtwachter von Gregor Werner in D. | Text: Hört ihr Chriſten, und laßt euch ſagen etc.",6,,E 23
,,24,Aria de Adventu von Gregor Werner in C. | Text: Frohlocket ihr Chriſten etc.,6,,E 24
,63,25,Advent Lied von Gregor Werner in B. | a Alto Solo. Text: Laßt ab von euren etc.,7,,E 25
,,26,Der Gugu. Cantilena in Nativitate | Salvatoris von Gregor Werner in C. | a Canto Solo. Text: Nun iſt die größte | Gnadenzeit etc.,9,,E 26
,,27,2. Paſtorellæ von Gregor Werner in C. et D.,4,,"E 27:1, E 27:2"
,,28,Paſtorella de N. d. N. S.g: Chriſto von | Gregor Werner … in a.,9,,E 28
,,29,Paſtorella d. Nat. von Gregor Werner in G.,4,,E 29
,,30,dto dto dto in F.,8,,E 30
,,31,Kirchfarth Lied. in Nat. D. von Gregor | Werner in C. | Text: Ihr Hirten ich muß etc.,8,,E 31
,,32,Paſtorella von Gregor Werner in D.,5,,E 32
,,33,dto von dto in C. | Text: Ehr ſey Gott etc.,9,,E 33
,,34,Pastorella de Nat. Domini von Gregor | Werner in F.,7,,E 34
,,35,Weinacht Lied von Gregor Werner in F | Text: Puer natus in Betlehem etc.,8,,E 35
,,36,dto dto in G. | Text: Indulci Jubilio etc.,8,,E 36
,,37,Pastorella de Nat. Domini von Gregor | Werner in D. | Organo conc:to Text: Laſſet ihr Hirten etc,8,,E 37
,,38,Weinacht Lied von Gregor Werner in D. | Text: Wer da etc.,9,,E 38
,65,39,Advent Lied von Gregor Werner in F. | a Sop. Solo. Text: Es hat kaum etc.,7,,E 39
,,40,Aria pro Adventu v. G. Werner in B. | a Tenore Solo. Text: Wer die arge | Welt will fliehen etc.,6,,E 40
,,41,Cantilena pro Adv. von G. Werner in B. | Text: Laßt finſtere Wolken etc.,5,,E 41
,,42,Aria pro Adv. von G. Werner in G. | a Tenore Solo. Text: Alle die Verlan- | gen etc.,5,,E 42
,,43,Cantilena d. B. V. Maria von G. Werner in G. | a Canto Solo. Text: Nun will ich ein | Solo ſingen etc.,4,,E 43
,,44,Advent Lied. von G. Werner in F. | a Tenore Solo. Text: Tauet ihr Himmel etc,4,,E 44
,,45,Aria pro Adv. v. G. Werner in B. | a Baſso Solo. Text: Auf auf zum Streit etc,5,,E 45
,,46,Aria pro Adventu v. G. Werner in D.° | a Canto Solo. Text: Ein Zierde etc.,5,,E 46
,,47,"Paſtorella d. Nat. Dom. v. G. Werner, in B. | Text: Auf auf ihr Hirten etc.",10,,E 47
,,48,Advent Lied v. G. Werner in F. | a Canto Solo. Text: Die Vorhöll etc.,10,,E 48
,,49,Cantilena pro Adv. von G. Werner in B. | a Canto Solo. Text: Gegrüßet ſeyſt etc.,4,,E 49
,,50,Cantilena pro Adv. von G Werner in F. | Text: O Maria ſey gegrüßet etc.,6,,E 50
,67,51,Aria p. Adventu von Gregor Werner in F. | a Alto Solo. Text: Betracht mein Chriſt etc.,4,,E 51
,,52,Ave Maria klare von G. Werner in C.,8,,B 56 (E 52)
,,53,Aria p. Adv.,7,,E 53
,,54,Paſtorella d. Nat. Dom. von G. Werner in C. | Text: Gloria in Exc. Deo. etc.,12,,E 54
,,55,Paſtorella d. Nat. Dom. v G. Werner in C. | Text: Gloria in altiſsimis etc.,8,,E 55
,,56,Aria v. G. Werner in F. | De immaculata Conceptione in adventu | a Tenore Solo. Text: Heut muß jene Sonne,6,,E 56
,,57,Paſtorella von G. Werner in D. Org. Conc:to.,5,,E 57
,,58,Paſtorella v.G. dto in F. | a Tenore Solo. Text: O du verliebter | Gott etc.,5,,E 58
,,59,Aria p. Adv. v. G. Werner in B. | Textus: Chriſten was wollet Ihr etc.,6,,E 59
,,60,Paſtorella. a Organo Conc:to v. G Werner in G.,4,,E 60
,,61,dto in Sac. Nocte D. Ch. v. Gregor | Werner in G. | Text: O längſt erwünſchte Nacht etc.,12,,E 61
,,62,Paſtorella von G. Werner in C. | Text: Weil heut der Tag etc.,7,,E 62
[F] Reſponsorien,71,1,Rorate Coeli von Gregor Werner in F.,8,Sopran und Atl ½ Bogen zu dupliren.,F 1
,,2,dto dto in F.,8,dto ½ dto.,F 2
,,3,dto dto in F.,9,dto Violetta 2:do 3/4tl. dto.,F 3
,,4,2 Rorate Coeli dto in F.,8,dto ½ Bogen dto.,F 4
,,5,Responsorium in Coena Domini von | Gregor Werner in Dmol.,6,,F 5
,,6,"dto. in Parasceve von G. Werner, in B.",6,,F 6
,,7,dto in Sabbatho sancto von | Gregor Werner in F.,6,,G 97 (F 7)
,,13,Ecce Panis Angelorum von G. Werner in C.,8,,M 12
,73,23,4. Responsoria pro Feſto SS. Corporis | Chriſti apud 4. Stationes von Franz | Novotny.,36,,F 32 (F 23)
,,32,4. Responsorien pro Feſto SS. Corporis | Chriſti apud 4. Stationes von Gregor | Werner,8,,F 32a
[G] Vesper und Lytaneyen etc,75,1,Vesper von A. Thuma … in C,13,,G 1
[G] Vesper und Lytaneyen etc,75,22,dto dto [=Vesper von A. Carl] in G.,8,,G 22
,77,34,dto [= Lytanei] von Florian Wrastil in D.,8,Sopran und Alt 1 Bogen dto [= zu dupliren],G 34
,79,73,dto [= Vesper] von Gregor werner in Gmol.,8,dto. [=Sopran und Alt] 2. dto. [=Bogen zu dupliren],G 73
,,74,dto von dt in Amol.,8,dto. 1. dto.,G 74
,,75,dto von dto in C.,8,dto 2. dto.,G 75
,81,76,Vesper von Gregor Werner in C.,8,Soprano und Atl 2 Bögen zu dupliren,G 76
,,77,dto … dto in Dmol.,8,dto 1. dto.,G 77
,,78,dto … dto in C.,8,dto 2. dto.,G 78
,,79,dto … dto in C.,8,dto 1. dto.,G 79
,,80,dto … dto in G.,8,dto 1½ dto.,G 80
,,81,Magnificat von dto in B.,7,,G 81
,,82,Psalm von dto in C.,8,,G 82
,,83,2 Psalmen von dto in Dmol.,8,,G 83
,,84,Psalm von dto in C.,8,,G 84
,,85,dto von dto in C.,8,,G 85
,,86,dto von dto in G.,8,,G 86
,,87,dto von dto in F.,8,,G 87
,,88,dto von dto in Dmol.,8,,G 88
,,89,dto von dto in D.,8,,G 89
,,90,dto von dto in B.,8,,G 90
,,91,dto von dto in Dmol.,8,,G 91
,,92,dto von dto in Amol.,8,,G 92
,,93,dto von dto in F.,8,,G 93
,,94,Miserere mei Deus von dto in B.,7,,G 94
,,95,dto dto in Dmol.,6,,G 95
,,96,3. Lamentationes von dto in F.,7,,G 96
,,97,3 dto von dto in Gmol.,8,,G 13:2 (G 97)
,,98,Lytaney von dto in Gmol.,8,dto 1. Bogen dto.,G 98
,,99,dto von dto in Dmol.,8,dto 1. dto.,G 99
,,100,dto von dto in C°.,11,dto 1½ dto.,G 100
,83,101,Lytaney von Gregor Werner in Gmol.,8,Sopran und Alt 1 Bogen zu dupliren.,G 101
,,102,dto dto in B.,8,dto 1. dto.,G 102
,,103,dto dto in G. | Text: Indulci Jubilio etc.,8,dto 1. dto.,G 103
,,104,dto dto in Gmol.,8,dto 1. dto.,G 104
,,105,dto dto in Amol.,8,dto 1. dto.,G 105
[H] Alma Redemptoris,89,4,dto [=Alma] von Gregor Werner in G.,5,,H 4
,,5,dto von dto in Dmol.,8,dto [=Sopran und Alt] ½ dto.,H 5
,,6,dto von dto in C.,8,dto ½ dto.,H 6
,,7,dto von dto in Amol.,8,dto ½ dto.,H 7
,,8,dto von dto in C.,8,dto ½ dto.,H 8
,,9,dto von dto in Gmol.,10,,H 9
,,10,dto von dto in Dmol.,8,dto ½ dto.,H 10
,,11,dto von dto in G.,9,,H 11
,,12,dto von dto in Cmol.,5,,H 12
,,13,dto von dto in C.,4,,H 13
,,14,dto von dto in F.,5,,H 14
,,15,dto von dto in C.,8,,H 15
[I] Ave Regina,93,3,dto [=Ave Regina] von Gregor Werner in Dmol.,8,Sopran und Alt ½ Bogen zu dupliren.,I 3
,,4,Ave Regina von dto in Emol.,5,,I 4
,,5,dto dto in Dmol.,8,dto ½ dto.,I 5
,,6,dto von dto in Amol.,8,dto ½ dto.,I 6
,,7,dto von dto in Amol.,6,,I 7
,,8,dto von dto in A.,8,,I 8
,,9,dto von dto in F.,8,,I 9
,,10,dto von dto in C.,8,dto ½ dto.,I 10
[J] Regina Coeli,97,11,dto [= Regina Coeli] von Gregor Werner in C.,6,,J 11
,,12,dto von dto in A,5,,J 12
,,13,dto von dto in C.,8,dto [=Sopran und Alt] 1/4tl. dto. [= zu dupliren],J 13
,,14,dto von dto in C.,9,,J 14
,,15,dto von dto in B.,8,,J 15
,,16,dto von dto in G.,8,dto 1/4tl. dto.,J 16
,,17,dto von dto in B.,8,,J 17
,,18,dto von dto in C.,8,dto ½ dto.,J 18
,,19,dto von dto in F.,8,dto ½ dto.,J 19
[K] Salve Regina,101,3,3 [correct: 4] dto [= Salve Regina] von dto [=einem unbek Cop.],8,,"K 3:1, K 3:2, K 3:3, K 3:4"
,,5,1 Salve Regina von dto [=einem unbek Cop.] in C,6,,K 5
,,20,dto von Gregor Werner in F.,5,,K 20
,,21,dto von dto in C.,5,,K 21
,,22,dto von dto in D.,4,,K 22
,,23,B.,5,,K 23
,,24,dto von dto in Amol.,5,,K 24
,,25,dto von dto in Dmol.,9,,K 25
,,26,dto von dto in D.,10,,K 26
,103,27,Salve Regina von Gregor Werner in Gmol.,8,,K 27
,,28,dto von dto in G.,8,Sopran und Alt ½ Bogen zu dupliren,K 28
,,29,dto von dto in C.,8,,K 29
,,30,dto von dto in D.,8,dto ½ dto.,K 30
,,31,dto von dto in G.,8,,K 31
,,32,dto von dto in C.,8,dto ½ dto.,K 32
,,33,dto von dto in D.,8,dto ½ dto.,K 33
,,34,dto von dto in Amol.,8,dto ½ dto.,K 34
[L] Sub tuum Praesidium,107,1,Sub tuum Praesidium von Gregor Werner in C.,8,,L 1
,,2,dto dto in Amol.,6,,L 2
,,3,dto dto in D.,9,,L 3
,,4,dto dto in C.,8,,L 4
,,5,dto dto in D.,8,,L 5
,,6,dto dto in G.,8,,L 6
,,7,dto dto in G.,8,,L 7
,,8,dto dto in C.,6,,L 8
,,9,dto dto in Amol.,8,,L 9
,,10,dto dto in C.,8,,L 10
,,11,dto dto in C.,8,,L 11
,,12,dto dto in G.,8,,L 12
,,13,dto dto in F.,8,,L 13
[M] Hymnus,109,2,dto [= Hymnus] von Gregor Werner in Gmol | in Nativitate et CIrcumcisione | Domini.,9,[right curly brace comprising no. 1–14] Sopran und Alt a ½ Bogen zu dupliren.,M 2
,,3,dto vom obigen in F. | in Nativitate et Circumcisione | Domini,8,,M 3
,,4,dto vom obigen in Gmol. | in Epiphania Domini,8,,M 4
,,5,dto. vom obigen in D. | in Epiphania a 4 Voci.,8,,M 5
,,6,dto vom obigen in B. | De SS. Nomine Jesu.,8,,M 6
,,7,dto vom obigen in G. | In Conversione Sancti Pauli.,8,,M 7
,,8,Ecce Panis Angelorum in C. | von Gregor Werner.,7,,M 8
,,9,Hymnus de Apoſtolis von dto in B. | Tempore Paschali.,8,,M 9
,,10,dto de Ascensione Domini | von obigem in Dmol.,8,,M 10
,,11,dt in Ascensione Domini von | obigem in Amol.,8,,M 11
,,12,dto in Feſto Corporis Christi | von obigem in Amol.,8,,M 12
,,13,Hymnus in Feſto Pentecoſtes | von obigem in C.,8,,M 13
,,14,dto De SS. Joanne Baptista | von obigem in D.,8,,M 14
,111,15,Hymnus de St. Joanne Baptista | von Gregor Werner in D.,8,[right curly brace comprising no. 15–28] Sopran und Alt a ½ Bogen zu dupliren.,M 15
,,16,"dto Veni Creator Spiritus, | vom obigen in C.",7,,M 16
,,17,dto De SS: Trinitate vom | obigen in C.,8,,M 17
,,18,dto In Feſto S. Mariæ Magda= | lenæ vom obigen in Amol.,8,,M 18
,,19,dto SS. Innoc. a 4 voc. | vom obigen in F.,8,,M 19
,,20,dto D. S: Michaele et de | S. Angelo Custode von | Gregor Werner in F.,8,,M 20
,,21,dto In Feſto omnium Sancto= | rum von obigem … in Gmol,7,,M 21
,,22,dto dto dto vom obi= | gen in Dmol.,8,,M 22
,,23,dto in Transfiguratione Do= | mini vom obigen in Dmol.,8,,M 23
,,24,dto. in Dedicatione Ecclesiæ | vom obigen in Emol.,8,,M 24
,,25,dto. De Dedicatione Templi | vom obigen in Amol,8,,M 25
,,26,dto de Apoſtolis von Gre= | gor Werner in G.,8,,M 26
,,27,Hymnus de Apoſtolis vom | obigen in C.,8,,M 27
,,28,dto De Apoſtolis vom obigen | in Amol.,8,,M 28
,113,29,Hymnus De Confeſsore no Pon= | tifice von Gregor Werner in C.,8,[right curly brace comprising no. 29–42] Sopran und Alt a ½ Bogen zu dupliren.,M 29
,,30,dto. dto dto | von obigem in Emol.,8,,M 30
,,31,dto. De Confeſſore Pon= | tifice vom obigen in C.,8,,M 31
,,32,dto De Martyribus vom obi= | gen in Amol.,8,,M 32
,,33,dto dto vom obi= | gen in G.,8,,M 33
,,34,dto De B. V: Mariæ | vom obigen in Dmol.,8,,M 34
,,35,Hymnus De Beata vom | obigen in Dmol.,8,,M 35
,,36,dto De Virginibus von | Gregor Werner in Gmol.,8,,M 36
,,37,Hymnus De Beata Virgine | vom obigen in F.,8,,M 37
,,38,dto De Viduis vom obigen | in C.,8,,M 38
,,39,dto De Sancta Cruce vom | obigen in Gmol.,8,,M 39
,,40,dto De Sancta Cruce vom | obigen in Gmol.,6,,M 40
,,41,dto De Tempore von einem | unbekannten Compositeur in B.,8,,M 41
,,42,dto pto Completorio von | einem unbekannten Comp in Gmol.,8,,M 42
